Brand New tree 1,45
Brand New tree 2,30
Brand New tree 3,85
Brand New tree 4,200
Brand New tree 5,124
Brand New tree 6,45
Brand New tree 7,34
Brand New tree 8,80
Brand New tree 9,22
Brand New tree 10,999
Brand New tree 11,1000
Brand New tree 12,14
Brand New tree 13,4534
Brand New tree 14,33
Brand New tree 15,333
Brand New tree 16,997
Brand New tree 17,345
Brand New tree 18,453
Brand New tree 19,64
Brand New tree 20,4542
Brand New tree 21,5465
Brand New tree 22,56
Brand New tree 23,563
Brand New tree 24,652
Brand New tree 25,663
Brand New tree 26,100
Brand New tree 27,343
Brand New tree 28,454
Brand New tree 29,465
Brand New tree 30,673
Brand New tree 31,676
Brand New tree 32,347
Brand New tree 33,22
Brand New tree 34,-303
Brand New tree 35,-628
Brand New tree 36,-953
Brand New tree 37,-1278
Brand New tree 38,-1603
Brand New tree 39,-1928
Brand New tree 40,-2253
Brand New tree 41,-2578
Brand New tree 42,-2903
Brand New tree 43,-3228
Brand New tree 44,-3553