TM Project ID,Target Landscape
0f4bdbba-adf9-4554-ba29-fb28d3b9c1fd,Ghana Cocoa Belt
1df7b898-1751-4924-b293-43a0cbcb505d,Lake Kivu & Rusizi River Basin
1e207d56-d0ed-4b4f-b1d9-94aa8aafb71f,Lake Kivu & Rusizi River Basin
01e1872d-bb9c-4cce-948c-8756598e029b,Greater Rift Valley of Kenya
3a2099dd-9a85-4091-b0c7-5edd11acbcd6,Lake Kivu & Rusizi River Basin
4a5aac1e-4ae0-4a54-9a0c-a2f332aabd9f,Lake Kivu & Rusizi River Basin
04a8e791-a41c-42c8-8fa5-580b839d7703,Lake Kivu & Rusizi River Basin
04af9a53-455b-4972-bf23-baa3019919be,Greater Rift Valley of Kenya
5ab53192-39c8-4284-95d5-6f5544f8e94f,Greater Rift Valley of Kenya
05c05359-98f9-4bb3-a7fa-236051940aa6,Greater Rift Valley of Kenya
6ac2c02b-fa83-448c-813c-eaab14efecf1,Greater Rift Valley of Kenya
6c82ba11-3069-4f8a-991f-a1a29f82e192,Lake Kivu & Rusizi River Basin
6daf9f10-dcb8-4b6d-8955-19e6df7ec48a,Lake Kivu & Rusizi River Basin
6eb233d3-63bc-41dd-be2b-7d4f7c01a95a,Lake Kivu & Rusizi River Basin
7a4f2aa6-e916-45bd-ba27-c3fa3d4ea938,Lake Kivu & Rusizi River Basin
8bb81813-c1f3-4973-9caf-319d506a153b,Ghana Cocoa Belt
8c4c6cf9-5b3e-4f36-9091-24b3b1a80403,Greater Rift Valley of Kenya
8f35f005-0876-4b87-b466-41aa86d6798f,Lake Kivu & Rusizi River Basin
9bdf80ad-4c2d-4292-a21b-95b819f9c4be,Greater Rift Valley of Kenya
9c22bab7-9170-4502-bfd5-f7ea361764ce,Lake Kivu & Rusizi River Basin
9c93de5d-12cd-4e7e-b99c-49cb6f890e58,Greater Rift Valley of Kenya
9db2495f-bee1-4323-97ac-c86a3a4e0283,Ghana Cocoa Belt
12aefea5-2ec9-4181-93c3-2c739f7c8d64,Ghana Cocoa Belt
15a3e7a4-5ebd-45d0-a072-d78d2b5f7ac6,Greater Rift Valley of Kenya
24e290f1-5b13-4ca8-acce-43dcc8e5bb43,Ghana Cocoa Belt
25ebba5b-fa08-41de-b770-ae4cb675436d,Lake Kivu & Rusizi River Basin
026f20bc-4032-46b3-a8e9-61f524c6c17a,Lake Kivu & Rusizi River Basin
31e1f9bc-de91-486d-927f-db6d14d03d52,Lake Kivu & Rusizi River Basin
34bfb500-c388-47f6-9843-1b4dcf7ac70f,Lake Kivu & Rusizi River Basin
44c352fb-0581-4b97-92d7-6cbe459e13d0,Greater Rift Valley of Kenya
55c9c722-3aa8-45b8-bd97-36805c3e389f,Greater Rift Valley of Kenya
77fc2c03-5605-45b3-b417-f69d93157215,Greater Rift Valley of Kenya
82dd3a84-2562-4a6f-85d9-f83790daaaba,Greater Rift Valley of Kenya
88f66be9-0df0-41e1-b3ff-20426b558787,Lake Kivu & Rusizi River Basin
90d13b5d-efb6-40b5-8f25-777f69e18d5e,Greater Rift Valley of Kenya
94be995a-7465-444b-96af-15462ab805df,Lake Kivu & Rusizi River Basin
121c1d61-6f1c-4d93-a6ab-87649cd81fc4,Lake Kivu & Rusizi River Basin
146b6912-62a1-4b58-b027-466dc3295731,Greater Rift Valley of Kenya
179b90da-19b2-4103-9eb5-54e47378f100,Lake Kivu & Rusizi River Basin
213c1946-d7f8-4c03-95c3-5774dab48254,Ghana Cocoa Belt
243f93d2-0d4b-4dac-8b23-997e6528dc8e,Ghana Cocoa Belt
265b9b72-95ac-42dd-ab49-cc335bb90e40,Lake Kivu & Rusizi River Basin
385e647c-0b37-42e2-a7ee-b8c8fb454de1,Greater Rift Valley of Kenya
394e4de8-7b45-4834-a467-241ae4a16ece,Ghana Cocoa Belt
529e1bae-2187-473f-a2a3-17e577720aba,Ghana Cocoa Belt
562fa859-5124-49a5-947f-e1ddb7680e07,Greater Rift Valley of Kenya
568dc331-b945-41fd-ab57-80a98be57941,Greater Rift Valley of Kenya
576c1769-ed59-406d-ae6f-d70b136d028c,Greater Rift Valley of Kenya
697bf076-1e8c-4782-9245-a0da519759ea,Ghana Cocoa Belt
744d9613-02a4-4484-be15-0d6a401f0086,Greater Rift Valley of Kenya
921e8a4e-db12-4231-b474-69030cd6513d,Lake Kivu & Rusizi River Basin
943bb150-f1b7-4ad2-bb9e-60a559df2ebd,Ghana Cocoa Belt
996f3017-cc38-44c4-832b-eccde0903881,Lake Kivu & Rusizi River Basin
02031c35-79db-44b2-8a37-a536d38fea34,Lake Kivu & Rusizi River Basin
3332a66e-625a-4f37-8891-80c9b57e2e07,Greater Rift Valley of Kenya
20245af8-de10-46d8-8895-1bfa022932ce,Lake Kivu & Rusizi River Basin
30812e57-54e1-4bde-af22-8856baee51d9,Ghana Cocoa Belt
38315af3-3373-4478-8fca-532f38fc21f7,Lake Kivu & Rusizi River Basin
47118e50-d4d1-4ba0-8094-59cfa441dbb0,Ghana Cocoa Belt
76374ef9-c5df-4d62-a28b-92b100b95581,Greater Rift Valley of Kenya
151735a0-0855-4bf0-9c76-55a91fd169f4,Greater Rift Valley of Kenya
166192d1-d194-416d-abb7-132877462359,Lake Kivu & Rusizi River Basin
476273a3-d0b3-4f89-be10-9703f038d0c0,Ghana Cocoa Belt
617601e0-9839-49fd-b48e-6c07404e7140,Ghana Cocoa Belt
7414340a-986e-4d5f-a614-249f91c3b9d0,Ghana Cocoa Belt
94429259-36eb-4349-9390-6f45e899d0a2,Lake Kivu & Rusizi River Basin
a5e428be-71a2-44f8-8a47-08141b0b259c,Greater Rift Valley of Kenya
a43d00e0-4a5e-44ed-a2b4-f6ef0a0f729c,Greater Rift Valley of Kenya
a727d737-370f-4ac0-889c-88b7b190e4ff,Ghana Cocoa Belt
abdb9d09-7c55-4e26-8961-1aa26e991bbc,Ghana Cocoa Belt
ac5da8e9-46e9-428e-a07f-1e0baf2ff3ed,Greater Rift Valley of Kenya
ac097899-437a-42c5-9b67-b70dd91c231e,Ghana Cocoa Belt
ae90b323-03df-4fb1-bd91-6f05f5236922,Greater Rift Valley of Kenya
b6b9762b-093c-474a-9fbc-3b36feb44a94,Ghana Cocoa Belt
bbd1852f-1c58-4a05-8aa9-8d41b5fe4bbc,Lake Kivu & Rusizi River Basin
bf838a8a-ab07-44c1-8f63-3d929782414a,Greater Rift Valley of Kenya
c30a5f50-2dbf-43d5-8f3d-d5eb7ce2d445,Lake Kivu & Rusizi River Basin
c76fb8a0-d9ff-4856-b20e-7acd6c29dd72,Ghana Cocoa Belt
c325f8e1-a806-468a-8d24-d2b62e3ea888,Greater Rift Valley of Kenya
c7248e59-5a41-4b76-a1a2-d2db8ffc9247,Greater Rift Valley of Kenya
c462918b-47f7-4ed5-99e0-7fec6e342036,Greater Rift Valley of Kenya
c528071b-053c-4291-96b9-688c2ebe12aa,Greater Rift Valley of Kenya
cb8c8dad-43a4-42fa-a262-b9244d23cca8,Greater Rift Valley of Kenya
cd46fa33-a5c1-40b4-a9ca-4793b6248157,Lake Kivu & Rusizi River Basin
cd688e07-0fc0-4c1f-9bef-5ce8063ed674,Greater Rift Valley of Kenya
cdbf9bf1-d088-4664-a98f-8c684b36e5d3,Greater Rift Valley of Kenya
cf16b937-a02b-4691-b816-28669ec348f2,Greater Rift Valley of Kenya
d2c7ba9c-ec6d-47eb-9071-9cd1bbcb8b80,Greater Rift Valley of Kenya
d4c495f1-67d4-49c7-96bc-e38e3b35f263,Lake Kivu & Rusizi River Basin
d537cd2c-dfb2-4a36-a8ef-1f2e7bc705b3,Greater Rift Valley of Kenya
d795ccb8-d9e1-4075-aa2d-c2ee772d72cb,Lake Kivu & Rusizi River Basin
d3899fa2-d478-4b9a-ae86-8c58f5db8910,Lake Kivu & Rusizi River Basin
d8379e7d-8e59-4aba-b9a6-c47d4ff52494,Lake Kivu & Rusizi River Basin
d6481438-9603-4c68-b152-6586ed825b0a,Greater Rift Valley of Kenya
de890c8e-1707-4b69-aa21-7fc551ef7a6a,Ghana Cocoa Belt
e3f222fd-3c0e-4f5a-a4b0-9702f5973f6f,Lake Kivu & Rusizi River Basin
e3f2727f-1d76-4f70-a3c7-a6fcc181918a,Lake Kivu & Rusizi River Basin
e4a9f60c-e555-43ff-b428-5b13f6501d66,Greater Rift Valley of Kenya
e4fe2fa4-6869-4c1e-9347-ba9b135306f5,Greater Rift Valley of Kenya
e32012a6-4bd7-4dfb-87bd-51ea008bab0d,Lake Kivu & Rusizi River Basin
e280730f-181f-48f5-a037-288c47a6db0a,Greater Rift Valley of Kenya
eb56f448-703a-4683-b3fd-54d18b649202,Greater Rift Valley of Kenya
ec683761-c69c-45ee-bcfa-844f6845fd53,Lake Kivu & Rusizi River Basin
f04c60d8-9cdf-49e0-a100-086cd95ce7e1,Lake Kivu & Rusizi River Basin
f143ce09-b00e-4179-83f7-706b149bf544,Lake Kivu & Rusizi River Basin
f494ae8f-e1dd-486f-968f-da177c192562,Lake Kivu & Rusizi River Basin
f35188cb-b753-44f1-bb6f-dd5dd33da141,Greater Rift Valley of Kenya
fd1c50d3-1bd9-454a-bd81-8493b9ab2e84,Ghana Cocoa Belt
